x1,x2,label
0.1514810994388296,0.30446510121887416,1.0
0.04033289281022423,0.2548368515386472,1.0
0.7316845707720727,-0.5139439891900037,0.0
-0.20799991988438338,-0.055671168146934846,0.0
0.729846973997593,0.9036717497214732,1.0
0.006810761239912866,0.18281139903270938,1.0
0.1876538697913004,0.4624908265827061,1.0
-0.25620364735268186,0.5126865257692812,1.0
-0.6560992023511885,-0.5539357594987204,0.0
-0.33069188991404586,-0.6333739031457921,0.0
0.005047870988739156,-0.622425453112663,0.0
-0.5391398923579538,-0.8906487448743283,0.0
0.6848767490611707,-0.6361659460458848,1.0
0.5212286984045085,-0.7693802117036013,0.0
0.2236728055912851,-0.8312257733511139,0.0
-0.5340260290437202,0.23361853794558995,0.0
-0.6540004674403235,-0.29943096848623507,0.0
-0.2953324662430943,0.8739585575777138,1.0
-0.20035852601656767,-0.9993663587800061,0.0
-0.007014798627197116,-0.7932971197878504,0.0
0.1828699026421743,0.5232310704077026,1.0
0.38169183235868154,-0.9406373291186072,0.0
0.2727189358748079,0.8356475596925452,1.0
-0.9774881400620021,-0.10247308724840432,0.0
0.4401771364063287,-0.7457650203945874,0.0
-0.7155571141674499,-0.8876384167083744,0.0
-0.29298131088188195,-0.5875734353302771,0.0
0.33229218573598995,0.18747076079387148,1.0
0.636166248942843,0.5041115720239822,1.0
0.47177133430741636,0.517125524562446,1.0
0.2140997386958381,0.9155397113647128,1.0
0.7004055979556236,-0.47791108551368633,0.0
0.26815203368847484,0.6741032403876115,1.0
0.33903190258228233,0.5887986929787923,1.0
-0.3416012064625724,-0.9961402702345168,1.0
-0.7419668800632429,-0.9070500958165613,0.0
0.18997259716969306,-0.29665171310327376,0.0
0.7510479099898795,-0.07519287764097826,0.0
0.006362053119385314,0.09153010861040634,1.0
-0.9992967911469037,-0.9146466419977952,0.0
-0.5676219332921482,0.34755368815405596,1.0
-0.8532553298620043,0.08356510674379014,0.0
0.8634753438151082,-0.6941374489859731,0.0
0.7475518515812769,0.6754633053499208,1.0
0.9113013982570515,0.6915029921077918,0.0
-0.09928864031750329,0.42328464208436833,1.0
0.9788511924189531,-0.18754529900850403,1.0
0.7381863781509201,0.6014165056439833,1.0
0.28990519871892206,0.46969968495109216,1.0
-0.5474192680634078,0.9083617709284086,1.0
-0.6487442748471959,-0.8643397539702062,0.0
0.43295945206847364,-0.29657249292721577,0.0
-0.9840829971013498,0.9242765906211508,0.0
0.200211232036148,0.05125507208076674,1.0
0.9566760493647561,0.4561631077133208,0.0
-0.2284609841832057,-0.2784901522163781,0.0
-0.39817011026179316,0.8371960074482787,1.0
-0.384164342021744,-0.020304087666265902,0.0
-0.7140176194153909,0.8467620057264666,1.0
0.7132443160730426,-0.24181171742546304,0.0
-0.1900740350332062,0.7255113210741595,1.0
0.5353327942639343,0.3643359763975704,1.0
0.3559790693776763,0.5561111559450902,1.0
0.9536954564267426,0.2744515348333354,0.0
0.7229575904556542,0.13641049090497837,0.0
-0.49804262427293633,-0.9043327053629275,0.0
-0.6644482154702032,0.05645008569476384,0.0
0.6024528884937526,0.18290352335581095,0.0
0.9531978921515942,-0.2411857317224151,0.0
0.8140111960187255,0.3716311473733116,0.0
0.5029038327697488,0.20296664736983816,1.0
0.7643941459588408,0.8356589929126086,1.0
-0.3433289782870934,0.0760037717232962,0.0
0.8384424160068484,-0.5472577548624502,0.0
0.7696190466327779,-0.0015620537446960903,0.0
0.19362125047049883,0.6307645324885911,1.0
-0.14865890840803764,0.9964102167735285,1.0
-0.6499272991390228,-0.6725170134872689,0.0
-0.7038133972464375,0.04504008948823324,0.0
0.6487854826282509,-0.777914328619268,0.0
-0.988933891932348,-0.5365851870146856,0.0
0.7546851444883673,-0.4717710995088469,0.0
-0.726990643926599,-0.0067159384481225715,0.0
-0.6832240454059508,-0.02516912808442906,0.0
0.041772806193665524,0.2596556678971218,1.0
-0.29217363316764344,0.08648558744157664,1.0
-0.9948812931726505,-0.657690082151515,0.0
-0.7180015283798706,0.4799463391062375,0.0
0.2704127086976804,0.3418627776360754,1.0
-0.5073841754522599,-0.8309418642254052,0.0
0.8385613119535562,-0.9759494343228456,0.0
0.9903050893015524,0.59921950320084,0.0
-0.8477424753627469,-0.8643986036472242,0.0
0.9295835302903281,-0.5594991382586454,0.0
0.3790516014283922,0.06918605078667639,0.0
0.057875772285994165,0.7137267888402175,1.0
-0.7942387206637476,0.22942860712773694,0.0
0.542912122474295,0.7744415757200505,1.0
-0.7135553936989358,0.5018105158753492,0.0
-0.8731637357031761,0.04235111698501748,0.0
-0.9670665059100774,-0.25316556106517196,0.0
0.3863907034261411,-0.6046939713050106,0.0
0.5579816667210422,0.20071238030710226,0.0
0.6462881773234179,-0.9362634328410857,1.0
0.10768129950673266,-0.5464704898951085,0.0
-0.9926929127431363,0.0005401898893431234,0.0
-0.9478470925219509,-0.9779239510950399,0.0
-0.6647150171045253,-0.8162879673004753,0.0
0.057858723041298576,0.011727179909690966,1.0
-0.1933588804206725,-0.9877151316914068,0.0
0.2838197946585388,-0.2063867152087817,0.0
0.995017789941117,0.8224318028976092,0.0
0.7876820998158061,-0.016027309518649835,0.0
-0.0406266862243414,-0.5255891891035671,1.0
-0.2313099489429633,0.07722073552029385,1.0
0.7656937030918813,-0.28598000044501104,0.0
-0.24829245226085206,0.9410595128565789,0.0
0.08447608246975635,0.814846196970481,1.0
0.7004858848474667,0.5118831179427303,1.0
-0.041690857176370555,-0.23194692619965673,0.0
-0.22727436504696552,-0.8903027144526476,0.0
0.3925678927885865,-0.9990454038691039,0.0
0.10643495240388345,0.928503337022575,1.0
0.49359870798678895,-0.3548880885234038,0.0
0.41558141405852433,0.7660798951110708,0.0
0.019994980638800453,0.9167209833491117,1.0
0.5585801089805496,0.290055653879181,0.0
-0.6782251233207113,0.1873575041537816,0.0
0.9799850336468261,0.49634494484988445,0.0
-0.13835964434265335,-0.8638401624810157,0.0
0.5574145788855129,-0.4019386205964277,0.0
-0.6960647904251733,-0.9139223634232467,0.0
0.7555526794769785,0.49803321357766217,1.0
0.2838754275374735,0.34138345446101215,1.0
-0.1849175840729953,0.006789741182642972,0.0
0.06407469881600347,-0.30600716026672536,0.0
-0.9799025521499476,-0.3113665798789027,1.0
0.07279118475150903,-0.9164687197369712,0.0
-0.3487892271675177,0.7155222550073459,0.0
0.48867528036741104,-0.42545193623049027,0.0
0.4895293569167194,-0.8817695490380848,0.0
-0.5592128655572361,0.21860741618745272,0.0
-0.6575983294258652,0.1852065071010669,0.0
0.16605438405423478,-0.18287072546603866,0.0
0.4547151514870229,-0.9280157123814201,0.0
-0.27043593924746134,0.5329165729210115,0.0
-0.7757065755564903,0.5003278904869237,0.0
0.9346570405299615,0.5362289881514968,0.0
0.5630425110241548,0.8830244532203844,1.0
0.12181806681267626,-0.262608736215155,0.0
-0.22387545193063763,-0.4033716261535367,0.0
0.3953951856945084,0.4257175236040345,1.0
0.2286866037008306,0.8143563684810804,0.0
-0.4707410060952233,0.6221864308786265,1.0
0.7764583240691676,0.8531432664296195,1.0
0.5518780333897446,0.05364218509300356,0.0
-0.11082960692197985,-0.3443841702882142,0.0
-0.6416019486479345,-0.34844959592091684,0.0
-0.6598238877939353,-0.4975469098115588,0.0
0.6182780661702068,-0.8613711447990524,0.0
-0.5219230860310091,-0.5117485823839236,0.0
-0.8404633007445956,-0.20458918997158038,0.0
-0.4563276778471843,-0.6815702444923406,0.0
0.08709336603338524,0.7752426100881531,1.0
-0.37234959312224647,0.6334003202086975,1.0
-0.9369905014607371,-0.12879403524874355,0.0
0.37927027829976034,0.44204924300616066,1.0
-0.6128656274354123,-0.8928609782248986,0.0
0.584338440088092,0.9819616859502434,1.0
0.25738556888282904,0.480738075731592,1.0
0.848661167475312,-0.9940743186325895,0.0
0.2622581751524158,0.05054121097985309,0.0
-0.33487661277192426,0.9257687677234481,1.0
0.6707718452659017,0.3196139006945542,0.0
0.9897598934039549,0.6052224285512446,0.0
0.3461597126641629,-0.5197559033624433,0.0
0.24362469150787902,0.6814027381246024,1.0
-0.8146546629055347,0.5359584718518464,0.0
-0.3702977837301791,0.3933606982688611,1.0
0.8644350669125096,-0.7797304785934314,1.0
0.6255482122262812,-0.1270578331255785,0.0
-0.6922213439029057,0.42913402961902625,0.0
0.015303981988266102,0.04962051903411213,1.0
0.37805286220586476,-0.23426268391143523,0.0
-0.4265480304452436,0.6664220763150763,1.0
-0.30613480366443513,-0.6023671552192864,0.0
-0.7928007042889147,0.06790088801017657,0.0
-0.6164606940892587,0.24171359981161844,0.0
0.6514035193959435,0.9533918816223825,1.0
0.8739431184549269,-0.39106985254945914,1.0
-0.5054206829956465,-0.770184255031874,0.0
0.45464507242709873,-0.10061515244107122,1.0
-0.7234319125635025,-0.9383336938539351,0.0
-0.032075128781046125,-0.023939875213542017,0.0
0.05326470790135196,0.4675068287252875,1.0
-0.4489435397925243,0.4037125520454916,1.0
0.6248630974717542,-0.5073127672371702,0.0
0.6486592237590283,0.5647108130837664,1.0
-0.2637060200226766,0.4005847489531358,1.0
0.8123124433155373,0.44958728910617984,0.0
-0.1877048046636578,0.8817698121969249,1.0
0.9852903183190287,0.8168965491651488,0.0
0.46359149579265857,0.744525414107464,1.0
0.42326664538521097,0.9164089464613339,1.0
0.7740580495169884,-0.20391741843557476,0.0
0.03921947110531554,0.26242366616335167,1.0
-0.016541331140312643,0.5365226948507309,1.0
-0.526601011153436,0.6537193962051198,1.0
0.2082816277317896,0.27897868096314093,1.0
-0.7609841488689373,0.20750830199671855,0.0
-0.051551160343626945,0.8681498995891193,1.0
0.733948852910983,0.2686846108181915,0.0
0.4185676157309721,0.46219328076533017,1.0
-0.33585360270784603,-0.5770816258866922,0.0
-0.7144159748792873,0.5043375545553779,1.0
0.8721908758215451,0.5719476961186247,0.0
-0.9532064721431825,-0.012232162088132714,0.0
-0.9748634823155695,0.4031581201506207,0.0
-0.6146906474297937,0.11414154971474866,0.0
-0.32802326839345763,-0.9817772901794966,0.0
0.7958150745487464,0.5366761593914664,0.0
0.23960582092398242,0.20909400274192702,1.0
-0.9258455518352986,-0.1702117675548256,1.0
0.35219447595153186,-0.2653306369517965,0.0
0.460133441565989,-0.9579273696414563,1.0
-0.3329197629367129,-0.7328266509980521,0.0
-0.4326050137096731,-0.33727001559739866,0.0
-0.08430756053193655,0.8834894635841255,1.0
-0.5460002588198514,-0.7604012157969902,0.0
-0.18262045912918667,0.8855566841001006,1.0
-0.7462640958840596,0.9559170967270778,1.0
0.43744048508650346,-0.36747076825602387,0.0
-0.32068746616236465,0.6725619303304595,1.0
0.2800487064813204,-0.9576773127434479,0.0
0.5983546686985795,-0.949226570642844,0.0
-0.7615951920234065,0.2709358956456296,0.0
0.6566149761729723,-0.7037331547595513,0.0
0.3801581331261541,-0.6984114439645561,0.0
0.5794491431162212,-0.3017681686774336,0.0
0.6169857471759514,-0.5491624274244125,0.0
-0.7587145439620546,0.5391026854023329,0.0
-0.20165069145313153,0.13596545070224075,1.0
0.06055348294815177,-0.028546772660439368,0.0
0.6150220079918463,0.5112557206214898,1.0
0.46801869003805563,-0.5362280173717764,0.0
0.31777071348670316,0.8106577139232418,1.0
-0.8902468301679796,0.890938056316694,1.0
0.6026362601569282,-0.08661526234632344,0.0
0.9295894369635103,0.3421146566970721,0.0
-0.9819907360190918,0.2804877375172137,0.0
0.19495677112585952,0.34366149247839517,1.0
-0.022448085025923215,0.27235946429708724,1.0
0.17973131711765022,0.8160925088584845,1.0
-0.31755079875302084,0.788084854875098,1.0
-0.24351049986343143,0.2594149324057913,1.0
-0.5786942830600466,-0.42531115609859804,0.0
0.07278256023524188,0.39563609315410897,1.0
-0.4517605090239174,0.2987735525627684,1.0
-0.3095664445897588,0.9287039743359948,1.0
0.4351539756884366,-0.5302611846144556,0.0
-0.41847046098454554,-0.01936443297408541,0.0
0.06297003421250635,0.8394046071939676,1.0
0.9004414817236919,0.14578174239781738,0.0
-0.8417786722305849,-0.632064215448565,0.0
-0.5544017712475569,-0.038910794628750134,0.0
-0.7077138915958725,-0.08217568509619122,0.0
0.010859886805189012,0.6442622903755337,1.0
-0.40239394203539147,-0.54784959501464,0.0
-0.8459783094654643,-0.5626376745183388,0.0
0.41003876286727037,-0.9580321899573059,0.0
0.8439189307688955,0.8271779292781498,0.0
0.8132375983339244,-0.5110632889267652,0.0
0.37629730709444265,0.9796912498337573,1.0
0.0921197667744802,-0.641352631425921,0.0
-0.07561250504591621,-0.9085416420740191,0.0
0.2839276011070755,0.7124260277158101,1.0
0.09122550877041413,-0.2957804626778999,0.0
-0.5781223833462819,0.3385815756813475,1.0
0.1566054049547585,-0.5856725410848655,0.0
-0.7748902618208844,-0.23662594641688584,0.0
-0.8042120735822877,-0.20370010040320485,0.0
-0.39222908113343236,-0.9048646372546474,0.0
0.009402070792958517,0.6023491338883564,1.0
0.8488438576549695,-0.9981228113015761,0.0
0.5963466084792957,0.5622100976357454,1.0
0.6007679931709584,-0.23246748064113976,0.0
-0.28374916189889965,-0.038711109218204864,0.0
-0.9575052796584036,0.2980135679123417,0.0
0.5308922650675141,-0.20119444363892147,0.0
0.014175006103680943,0.5800043361903091,0.0
0.025373586038491158,0.19794980888097258,1.0
0.3657721069388358,-0.9600899632509523,0.0
-0.8960250020277558,-0.6303072735864603,0.0
-0.16167115941920995,-0.7765995632960725,0.0
0.8513304126980075,0.09783355354465173,0.0
0.31737800053065435,-0.8619230269382074,0.0
0.35951938950127094,-0.7287739987228796,0.0
0.9933671563332245,0.23694406083331865,0.0
0.10295058596912998,0.6849138580515324,1.0
-0.3713021857304779,-0.316032924716082,0.0
0.6483345496654342,0.23209031874543617,0.0
-0.7868863262442509,0.22852207389780999,0.0
-0.35481428610593846,0.0809427333420163,0.0
-0.7706433409936331,0.42386914291974254,0.0
0.2397076798465998,0.9217735708334072,1.0
-0.5676119512660132,-0.05147409538150716,0.0
-0.216363345351974,-0.9421500588064717,0.0
0.6176285007968798,0.025567442858557277,0.0
0.8751058873128912,0.1398181688871709,0.0
-0.8480197203354587,-0.6057434368111017,0.0
-0.6638341071230887,0.8556223931288514,1.0
0.8393244272207847,0.35031788056808266,0.0
-0.15017553572444364,-0.1225333756900373,0.0
0.2304108671264884,-0.372195625101988,0.0
0.12282102607926904,-0.7568263219339975,0.0
-0.4482849042012762,-0.0003074368650815007,0.0
-0.13507815751222263,-0.005190940192042248,0.0
-0.13204041698571545,0.5674771481417717,1.0
0.12792541523670953,0.060600280821194286,1.0
-0.14157792625894783,0.2590634955164386,1.0
-0.9689013741654398,0.3211612037440441,0.0
0.468235396971314,-0.052250301379256126,0.0
-0.5985804182676622,0.8663302124047887,1.0
-0.45618947376585406,0.6747643033364339,1.0
0.9856731825521512,-0.6790681301567767,0.0
-0.23631130587704208,0.5163528204281005,1.0
0.3646981992053666,-0.8665549706390181,0.0
0.47317001201088105,0.18751756202104097,0.0
0.8728907037951927,-0.7528094199399318,0.0
0.4407941695464044,-0.5952313232648194,0.0
-0.308362328662217,-0.7389148991336898,0.0
-0.8034660138413097,0.7238134278881523,1.0
0.09428251561202994,-0.6265450338221523,0.0
0.4050123723295258,0.6971622147399805,1.0
-0.33172964861562204,-0.10952081276992542,0.0
0.059639865682798554,0.8232643000541688,1.0
-0.24813395212748635,-0.6326858994965119,0.0
0.31389383764261414,0.17863622103330057,1.0
-0.8125558585272181,-0.23831051472719933,0.0
-0.4294075391153689,-0.08208870541352908,0.0
-0.291980337410213,-0.128067103519248,0.0
-0.7528903173789749,0.20584527195129088,0.0
-0.06817865057781236,-0.7563153547016408,0.0
0.354778108327259,0.04125850310769996,0.0
-0.04731692842167101,-0.00014587087423412193,0.0
-0.7151691790724215,0.9167573315371111,1.0
-0.9962718929943422,0.1903283855787945,0.0
0.47061538495973987,0.47122848923973204,1.0
0.15485444930706338,0.665303676368987,1.0
0.4070385266939125,0.3068967682714725,1.0
0.04996356508819888,-0.7488728156032733,0.0
0.7789914218884544,0.8345322849823398,1.0
0.9972815524552541,-0.8221304787683272,0.0
0.8959026216743391,0.07782889610298716,0.0
0.1609467581943409,0.3052386845660755,1.0
0.3396975065617933,0.07823207065045645,0.0
-0.47424992982285197,-0.08888827585109094,0.0
-0.058029797070462186,0.5011366674149187,1.0
0.38058438796735383,0.051700334363997014,0.0
-0.11292801503438699,0.6120899708237013,1.0
0.19839776789053354,0.5052236925572877,1.0
0.05841456404579293,0.38015475089270434,1.0
-0.6843605702939171,-0.6404962632290092,0.0
-0.1254315264971766,-0.8720071784645913,0.0
0.07452840556806639,0.047749295752934184,1.0
0.5978565247083318,-0.07952549414067733,0.0
0.5193742873379641,-0.36290364204858405,0.0
-0.8065006860752795,0.28076849319999053,0.0
-0.30395680871368347,-0.4238685793771759,0.0
-0.352346735310761,-0.22216525527420883,0.0
-0.8925254833964433,0.34464711304064743,0.0
-0.7923102473360415,0.10155402535832025,0.0
0.7366632455076294,0.2585616813003164,0.0
-0.14746679872879764,0.23601872294966597,1.0
-0.4945186650799347,0.1939345494114686,0.0
-0.8596826106068105,-0.31931422376027885,0.0
-0.566942367400052,-0.9191171785299412,0.0
-0.985269041729995,-0.7542633464279604,0.0
0.15515771323712935,0.08577743775566682,1.0
0.8112535092154658,0.054346803585969106,0.0
-0.08372847028665209,-0.35270217254003944,1.0
-0.10425912453233144,0.23374532741019927,1.0
-0.7024123673346756,-0.919251859042046,0.0
-0.9969156455050776,0.7517013209999588,0.0
-0.21127297558051716,-0.20047495252451042,0.0
0.7857780060154234,0.7827369569634475,1.0
0.787254086136888,-0.8934295512646617,0.0
-0.9592787610008797,0.5139014204979968,0.0
0.12229993941647432,-0.9193491421106184,0.0
0.9453565062782829,0.5058753899796251,0.0
-0.00474030512510315,-0.501988342076553,0.0
0.8150329085807406,0.3030779524091254,0.0
0.15321679723711257,-0.2082945291724756,0.0
0.2509574640822356,0.6857027669703442,1.0
0.9564814708053035,-0.2659106657198931,0.0
0.7637439070993073,0.8263236864201817,1.0
-0.2111157661603167,0.4779657104116999,1.0
-0.7525129951529268,0.25527867516181346,0.0
0.6024244146579059,0.1359576211838962,0.0
0.8119286042494962,-0.052971801041810096,0.0
-0.4045927730364376,-0.022738629123910892,0.0
0.39068272500249246,-0.41735571954494977,0.0
0.04089318560399624,-0.11592704242849705,0.0
-0.5557969202563844,0.401150030435772,1.0
0.2833998467086727,0.47105923223343416,1.0
-0.8542531100635378,0.8648682826782252,1.0
0.043125812352337256,-0.409934978158212,0.0
-0.5767087364835448,0.7913023857671218,1.0
0.18431646095045684,-0.8687683007405484,0.0
0.6876639778624352,0.4548859019125413,0.0
0.6493647896056878,0.29575299893731977,1.0
-0.043985701832972124,0.9590668466684096,1.0
-0.9871694630467782,-0.8266838958904874,0.0
-0.1616398232592493,-0.0666464682313439,0.0
-0.6428304381856478,-0.7860438773720424,0.0
-0.7880031728460695,-0.6442941244197062,0.0
-0.3093515086319567,-0.747966958873006,0.0
0.16708943907335883,-0.05139390982161518,0.0
-0.5996592382980439,-0.9429444748813647,0.0
-0.24028987664026746,-0.21852810023086455,0.0
0.7650314349502048,-0.1881909347750368,0.0
0.5737451188009846,0.6864232809200044,1.0
0.5309449789573963,0.8697140945851907,1.0
-0.9949958622545205,-0.6440117225452748,0.0
0.27348022648367465,-0.9842225755634681,0.0
-0.7072667657118603,-0.8247495456303688,0.0
0.8597396320442057,-0.10482213779800587,0.0
0.2968315880674477,-0.23047450392463587,0.0
0.8427595940747752,0.011289778434121045,0.0
0.8245084655616626,0.8474301089603631,1.0
0.321847406486216,-0.7180036426355991,0.0
-0.20759511160039512,0.10119511989269947,1.0
0.6274021669571463,-0.003406251038610808,0.0
0.9676553842416904,-0.26904480539047904,0.0
0.0406209125191348,-0.14881009802296497,1.0
0.4669695504573279,-0.2602736518633797,0.0
-0.3918417795860918,-0.5289900742728209,1.0
0.0538635251784525,0.12402999806869697,1.0
-0.4186794222789805,-0.33052946726176624,0.0
-0.1521771672916008,-0.9105193820029374,0.0
-0.7252368234138526,-0.28026840434633105,0.0
-0.3072794103581531,0.8280248851272107,1.0
-0.643403659938073,0.49758730915220184,1.0
-0.16155871986639037,-0.3463240390313107,0.0
-0.7955456301528296,-0.9228735390362488,0.0
-0.41312133242637517,0.5126726988777055,0.0
0.37414503564518964,-0.961403043783353,0.0
-0.5491084725574344,-0.2766317837817347,0.0
-0.5417893818806561,-0.7774990127146078,0.0
-0.7464722763727814,-0.7054355580936964,0.0
0.7626422123659622,0.3651895221652406,0.0
-0.49146793169308944,0.7699720621768025,1.0
0.8934903894526045,-0.9849542316320214,0.0
-0.9385972539892808,-0.9468379447215631,0.0
-0.8087458472339997,-0.43061707216742584,0.0
-0.10689802466709164,0.48165221522822366,1.0
0.6553674121857562,0.36177991351936933,0.0
0.07666250009119491,-0.583804407289654,0.0
-0.39478276731147655,0.30473627423338323,0.0
0.10557709143502692,-0.6006376447349167,0.0
-0.6815364759050557,-0.7871669202772162,0.0
-0.4093662097087798,0.9637544299269571,1.0
0.003996696036975722,0.32021388571271414,1.0
-0.23344703688208246,-0.9337851946639044,0.0
0.07632881442094841,0.7798800920267404,1.0
0.012750695406357648,-0.00897506945569182,0.0
-0.1327801863022573,-0.2953283345842588,0.0
-0.6148440567212035,-0.6102805430910629,0.0
-0.9464360692974256,0.18539776569040067,0.0
-0.4312701312719771,0.9845997499535708,1.0
0.4111318553308323,0.30685982415165225,1.0
-0.10437125640896916,-0.7872315344168004,0.0
-0.5246811769188193,-0.4131422960365412,0.0
0.15018306073501675,0.09961984446268901,1.0
-0.5765953281190015,0.6887318360667269,1.0
0.46886372474163274,0.5695524875295035,1.0
-0.9218083701143664,-0.7302435015745701,0.0
0.44452671727222337,0.19004957953685908,0.0
0.2803768662724446,-0.7371497060039871,0.0
-0.12017280653881923,0.3815827633871962,1.0
-0.0005274590725432571,0.5256027329204691,1.0
0.8484826310476821,0.8284895335875271,0.0
0.13302046989584215,-0.9058462754472794,0.0
-0.07935220153287448,-0.5713626737831494,0.0
-0.22072638470230532,0.13105981570539993,1.0
0.9756285021606397,-0.4056241461275427,0.0
-0.7538573521614786,-0.8691878725490865,0.0
-0.8794913530065687,-0.5135012499237832,0.0
-0.8485648325185324,0.37415684482357414,0.0
0.2235979962345529,-0.7477892727245878,0.0
-0.6878698519113957,-0.10948611364754823,0.0
-0.14563988246964965,0.556183554882107,1.0
0.8187766256794804,0.5071852293701236,0.0
0.11230323790527352,0.494655511935697,1.0
0.48675997633139434,-0.7721177211231338,0.0
0.7223353097559377,0.12023433901145753,0.0
0.03425888772706487,0.8270970204101495,1.0
-0.9338246289121479,-0.6038306552356223,0.0
-0.008392557431209147,-0.0955173235518314,0.0
0.6874377800691063,-0.7689332528154624,0.0
0.22126225397606114,-0.7243388607150005,0.0
0.9773502001968328,-0.09261384776581738,0.0
-0.49200723860922957,-0.7244211748726652,0.0
-0.534770029606302,0.14855839972402274,0.0
-0.6138183225946012,-0.8265997103046987,0.0
0.7673788238772907,-0.4779754857382681,0.0
0.4537726395472823,0.11164469885737738,1.0
-0.8924221800695336,-0.3017294752300048,0.0
-0.8539916149907769,0.7628890508768114,1.0
0.8827049215190161,-0.20730334782871096,0.0
0.1674096371751097,0.27961442102556844,0.0
-0.062330554055659126,0.15720862024877702,1.0
-0.43606416018509964,0.6734918216739052,1.0
0.9513115707554256,0.25054187557229657,0.0
0.1547532348845453,0.1590516768647916,1.0
-0.3332000625809397,0.35999086551364323,1.0
-0.8216061089501017,0.20481144438465293,0.0
-0.269620231609921,-0.6725115320996156,0.0
0.08524581921020635,-0.8157773734015588,0.0
0.4901282747722131,-0.19026426371561667,0.0
-0.9557221119347377,-0.54204680756556,0.0
-0.8464057536889644,0.15451298144945302,0.0
-0.6657066565252441,0.12037868137077679,0.0
-0.8818094302053658,-0.5798582301098905,0.0
0.7716048694077913,-0.8152231997326804,0.0
-0.33466302001462167,0.14527945899319916,1.0
-0.3258995702114853,-0.22227422760709792,0.0
0.97171755829105,-0.6236679637442164,0.0
-0.7477825414565078,-0.7847126710661498,0.0
-0.7817172151184171,0.486846496611417,0.0
0.7370055268824567,0.3979410687242608,0.0
0.42069504792592083,0.14481351150587485,0.0
-0.23398085410194902,0.24141711154135614,1.0
0.23690215649892998,-0.8877380170754501,0.0
0.7288772510467552,-0.37594083021096814,0.0
0.45141149149864823,0.04798101679228095,0.0
-0.09042919240834224,0.8840447588249893,1.0
-0.5125746529062281,0.9868511798427562,1.0
-0.5179756343396151,-0.22621543944597544,0.0
0.7565987995097845,-0.44482665459272486,0.0
0.7209103918952819,0.4181043749567366,0.0
-0.6883244004739151,-0.18862179255982103,0.0
0.45467292019619054,0.8860091573140378,1.0
0.8619355348503044,-0.20309238592849765,0.0
-0.5398067734256686,0.2750718880202305,0.0
-0.5353123857931055,0.5177936903054194,1.0
-0.2989083717308021,0.37805657281544436,1.0
-0.19717753859518927,0.43708453304986206,1.0
-0.1025461269432828,0.2476859072017512,1.0
0.22022146775295393,-0.5817489677501215,0.0
-0.7464298433050329,0.375455136740543,1.0
-0.08844672838129064,-0.5614264605127983,0.0
0.7385057652064542,-0.5078527158933468,0.0
0.8726316768067646,0.18086277608560986,1.0
-0.40339482662613957,0.15392701140167753,0.0
0.9967276271977821,-0.5276974144351507,0.0
-0.8128669334785814,0.43886611196609504,0.0
0.30825022032667393,-0.21597161725743774,0.0
-0.2327254449251055,0.6948535225339358,1.0
-0.15465190397108608,-0.6341185279891304,0.0
0.5577503013690213,0.33843819132310005,1.0
0.5566234107385868,0.7423966671683226,1.0
0.19551934804917037,-0.3278880121539036,0.0
-0.7971750443488996,-0.2626443402874543,0.0
0.8731524068037815,-0.8843759458342282,0.0
-0.14157463759920352,0.8105499558692517,1.0
0.4643097006420356,0.5847154222916633,1.0
0.3740076107234067,0.2502755500680198,1.0
0.7661040982692462,-0.3613778235382077,0.0
-0.8898643600404608,0.6761197020958827,0.0
-0.26768984971831356,0.6598229294823934,1.0
0.5487064215963313,-0.21563048753076242,0.0
-0.09890362461407975,-0.6898585126589678,0.0
0.458817467646518,-0.1498787552420029,0.0
0.8752019920366991,-0.8799037939174132,1.0
-0.36564520401222156,0.7810355388255432,1.0
0.7802187638118483,0.23885055334134986,0.0
-0.09085120604131824,-0.752778729298295,0.0
0.10185254714653813,0.20871084942076523,0.0
-0.9560884045666473,0.48088887849059314,0.0
0.4944772360278715,0.7722745883799282,1.0
-0.8530321557558127,-0.4356743115773627,0.0
0.34046708355279387,0.2488591604309347,1.0
-0.4567065918613462,-0.5109202235763073,0.0
-0.10065042915284317,0.4703809771356293,1.0
-0.976013406530567,0.8546310837165987,0.0
-0.2991240665002619,-0.2933225470978422,0.0
0.6039650092545295,0.7710340271400635,1.0
0.6648753059354593,-0.11016589544997668,0.0
0.38967589914671286,0.7880091495410391,1.0
-0.7319236237803968,-0.49151901360254957,1.0
0.1685512183668867,0.8870872996839567,1.0
-0.6499861389183768,-0.6561829933676537,0.0
0.34573793758531357,0.4473976662733117,1.0
0.5060305190646828,-0.04875738345763314,0.0
0.09401806341995567,-0.7569135188074689,0.0
-0.6286432479815316,0.8694341167615458,0.0
-0.5050204899593973,0.8767577953247399,1.0
0.3902874968580483,-0.046500703325092596,0.0
0.08507990280968403,0.846759914973225,1.0
0.714381186133306,-0.3112932661619088,0.0
-0.6899372099907839,0.8561792867427394,1.0
-0.143350439731194,-0.3567263308780291,0.0
-0.4851287767535757,0.8912433190726103,1.0
-0.4507641175095607,-0.43125503281997535,0.0
0.665887627871407,-0.9024122232461151,0.0
0.5245600702140503,0.7074662812996801,1.0
0.06067482796910606,-0.34933701241971815,0.0
0.6488480868731241,-0.15403753867525327,0.0
-0.4293534557492922,0.1435632772836255,0.0
-0.6505999289950801,-0.6614012727341074,0.0
-0.09599513651291347,-0.31589435930921317,0.0
-0.25203337040286145,0.25666467032977747,1.0
-0.01595086692461556,0.39580842221877255,1.0
-0.3427481932257863,-0.20686896320639714,0.0
0.17462369862255156,-0.7331896644341869,0.0
-0.9106728036132272,0.9712078651050418,1.0
0.020284704812465026,0.5312385296796931,1.0
-0.8981445822490894,0.3113618927277346,0.0
0.9778186969112495,-0.028044217692815288,0.0
0.5349869227621042,-0.1985090548665911,0.0
-0.7048003488554948,0.17418956353861414,0.0
-0.32464208228212343,-0.7274582710717392,1.0
0.6254166268243522,-0.5572643521767382,0.0
0.19932594922499147,-0.5340338294704445,0.0
-0.34617903931830063,0.9905579073429167,0.0
-0.5429532199657876,0.8637519944567311,1.0
-0.723531547066957,0.5638581506228453,1.0
-0.8090724730108199,-0.2981748913124529,0.0
-0.27294158100530286,-0.18018365892195765,0.0
0.3658206059645772,0.04188100673712025,0.0
0.6100738665863554,-0.05172995585999973,0.0
-0.7059665624983986,-0.3694107536878022,0.0
-0.4275796808317607,-0.234471914259327,0.0
-0.7670955471749634,-0.29529192059699394,0.0
0.4209634747948665,0.2942363367422691,1.0
0.7450969058342771,0.6387710668834556,1.0
-0.8886838230411525,0.2886935194315514,0.0
0.2844091051979487,0.8342751278447698,1.0
-0.6599720821066413,-0.6155368798735787,0.0
-0.8326140795391546,0.9609159052757623,1.0
-0.9157904009422253,0.44215811492461543,0.0
0.5660218703153714,-0.872889449971765,0.0
-0.1740371690180622,0.7923198868722234,1.0
-0.5743148343501119,0.8717066959140694,1.0
0.48924617901384604,0.9449203533445438,1.0
0.36487018046452246,-0.4694173651922058,0.0
0.26924972331098584,0.9979866287187393,1.0
-0.48400974391588236,-0.8089288830639694,0.0
-0.5020544768396131,0.31172065421800066,1.0
-0.9207914687713061,-0.07252821771449125,0.0
0.3104820828202668,0.026368561889257736,0.0
-0.028173789556511508,0.9071010833215649,1.0
-0.5993510557968778,-0.20600111081865302,0.0
-0.5405038209081305,-0.8702710735943882,0.0
0.9856929639627183,-0.26944243373841004,0.0
-0.6736447473796046,-0.028813587333337276,0.0
0.2226848660272176,0.6724234507908315,1.0
0.4592953445468544,0.7915439550761914,1.0
-0.5260774244950532,0.9849153228091374,1.0
0.9390067859209321,-0.7898773545789322,0.0
-0.6951494555990334,-0.35940485783966336,0.0
0.5024512413974631,-0.3528607526384231,0.0
0.06859971590923619,-0.9411134363834981,0.0
-0.10731340467406159,-0.19665577481757457,0.0
0.7094378428123975,-0.9776827659541474,0.0
-0.6294337419329128,0.4058900812009032,0.0
-0.4232066494111075,0.5296572113936457,1.0
-0.775738943402059,-0.003695778018150575,0.0
-0.27643082118789386,0.8550322194840121,1.0
-0.3834177800758083,-0.41152493514715394,0.0
-0.4795687749349209,-0.7712928420675149,0.0
0.24603800060262038,0.6447429778141618,1.0
-0.5978898077077781,0.23939338180399128,1.0
-0.7404091115074358,0.411592372877265,0.0
0.38939771385567035,-0.564591697844042,0.0
0.06100032868318528,0.24972919438790564,1.0
-0.631187929995094,-0.2810372455890686,0.0
-0.42658122981002644,0.7827968677838517,1.0
-0.3776890360233276,-0.38553528021439987,0.0
0.10420283532118324,-0.5137459290613733,0.0
-0.6568484137748096,-0.9969178283037434,0.0
0.372832853783571,-0.5082008989829925,0.0
-0.4820310921770232,-0.042100332475839775,0.0
-0.1920828595206423,0.6407366433977988,1.0
0.21084395431956193,0.18355464756539175,1.0
0.4522670246899714,-0.6476027010938408,0.0
-0.11406202087518724,-0.7556092959258855,1.0
0.11320142449048154,0.7663838867346151,1.0
0.14537708510543212,-0.7876736416229093,0.0
0.8609269497261232,0.849245421197107,1.0
-0.39820089301950246,0.49470112791803333,1.0
0.11282969090491202,0.48628073928942395,1.0
-0.38670657945312725,0.6682303952323421,1.0
0.4551571090710149,0.13996083036149942,0.0
-0.03885219475218871,0.24829693473275882,0.0
-0.7625014646996022,0.47687653465645163,0.0
0.3779270856930983,-0.6219855860269972,0.0
-0.77760117769063,0.18992899188142154,0.0
-0.42951853790934647,0.5235443844112291,1.0
-0.8658642746337875,-0.5215115769184615,0.0
0.28903384073085814,-0.7174988138335947,0.0
-0.09483543051008048,0.8165973909583386,1.0
0.6022551875676685,-0.3418739906675896,0.0
0.7563290268128324,0.30711442025287083,0.0
-0.05488937936897509,0.6932785444687715,1.0
-0.774962208091607,0.8228749871824603,1.0
0.044989722754809724,0.035883016279212754,1.0
0.04495399964113189,0.05819638799952975,1.0
0.9613077503838103,0.3322188670095272,0.0
-0.6746699767724307,-0.16989334750554352,0.0
-0.4262088875170349,0.4237656440468145,1.0
0.6575317844438009,0.718623323141647,1.0
0.21296446567380833,-0.6350086974133873,0.0
0.11784802340369005,0.003057304619419776,0.0
-0.4272834640367662,-0.9458941373004242,0.0
-0.21173415866135858,-0.907295312605827,0.0
-0.6674737784754765,0.03327122935697924,0.0
0.2810161239927147,0.9899921898104682,1.0
-0.11176095694651966,0.13506289676928107,1.0
0.601051891953525,-0.9316764901661578,0.0
-0.7896801910901068,0.5373656969280245,0.0
-0.5709314723359264,-0.1328809950425156,0.0
-0.6256157794047883,0.19098025108828742,0.0
-0.251430073034431,-0.01181071821509394,1.0
-0.09132094380547873,0.40382526560066356,1.0
0.18339711043176643,-0.01902163354114128,0.0
-0.7723311228768233,-0.4646200955689903,0.0
-0.08040890726054117,0.18648671161618124,1.0
-0.10376127806571622,0.5866589353012732,1.0
0.4800840415023555,0.1923670107350246,0.0
-0.9585440123952114,-0.8346421589773343,1.0
0.21091221648949765,-0.07536042551985567,0.0
-0.7690848706563993,-0.5732619139266766,0.0
0.9261021498700996,-0.80892465050752,0.0
0.9532113445088681,0.31701190436735627,0.0
-0.40144191966103526,-0.2684172821248332,0.0
-0.18610401198665905,-0.8067896450833498,0.0
0.7689414684812816,-0.7726562583631122,0.0
-0.14975623856643194,-0.965409545038105,0.0
-0.8450334616829789,-0.09774778219091607,1.0
-0.8798963755229492,-0.6441337983195294,0.0
-0.8391067848727758,-0.0791788111515972,0.0
0.9157780664927577,-0.13691735631329727,0.0
-0.8601080427478374,-0.2614053014847657,0.0
-0.9263377330308973,-0.01307280557143975,0.0
-0.11300350942677428,-0.5874565616273244,0.0
-0.5076267885566534,0.5977678991468187,1.0
-0.86148684483217,-0.2804970269590128,0.0
0.3949061209652329,-0.3010857403634912,0.0
0.9987718543706929,-0.23928803324760795,0.0
-0.5477881894550041,0.5775178547055746,1.0
-0.6413352833413326,0.2800949378397113,0.0
-0.5365104619270444,-0.6886807936550052,0.0
0.47193083483639753,-0.5287660317594818,1.0
0.8761021975929804,-0.4173282834046075,0.0
-0.6238343836423015,-0.6157578503901939,0.0
-0.22916381365890426,-0.5698403064993085,0.0
0.5618667034710647,-0.9022892932487245,0.0
-0.6073127645178376,-0.6986822379010973,0.0
-0.3445095833705891,0.2971485971036196,1.0
0.3556442303667007,-0.7945724946737249,0.0
0.3730952899936786,-0.27560235741409933,0.0
0.20744916073557107,0.10322718048416246,1.0
0.7547633118065025,0.5475977405709846,0.0
0.24403654511615658,-0.6599255796147845,0.0
0.08342766807956137,0.352710464665164,1.0
-0.4788461614300088,0.21266923717664854,0.0
0.5618402616395275,0.7103323571245614,1.0
0.5052628962356338,0.6617833000068778,1.0
0.1466005027729016,-0.9817840372030484,0.0
0.11966433396418141,-0.6239152119008613,0.0
0.5161378830230248,-0.4178454612621416,0.0
-0.024108221285363385,-0.170112213415208,0.0
0.9053753111244998,0.17080390488375197,0.0
-0.6434653633118936,0.6047096141369057,1.0
-0.4745656898203061,-0.9590790845044181,0.0
0.06478333058130592,0.25263674570571437,1.0
0.5869795503423387,-0.3677438091029468,0.0
-0.41607396370669814,0.2868432993012773,1.0
0.07465918758062662,-0.5139515288830065,0.0
0.36255945031955594,0.28385926358824753,1.0
0.3715919736531126,0.09977406332876337,0.0
0.7098634273861728,0.002337874152829711,0.0
-0.8069866541310644,-0.4913364370196296,0.0
-0.3766758557915868,0.9128546634077499,1.0
0.5904277750457234,-0.002277263643809757,0.0
-0.8110624524047967,0.9418245444094813,1.0
-0.46910403382974586,0.5169692798010501,1.0
0.51254068207971,-0.9814696719368272,0.0
0.8074609771824681,-0.16003679692988482,0.0
0.5042472853827118,-0.3984394500797579,1.0
0.1175095404601636,0.9241111464040423,1.0
0.6149978758539378,-0.66453184851229,0.0
-0.5078492347027488,-0.7793467150230615,0.0
-0.35554222744628006,-0.7896099483380499,0.0
-0.6971293201729416,0.9610560626938274,1.0
-0.6401329743516393,-0.969638121823498,0.0
0.280392608532684,0.251215918535002,1.0
-0.6518479489628992,-0.20129239738744764,0.0
-0.3914020593857199,-0.48215319227136133,0.0
-0.3134034608549292,-0.45518749917974644,1.0
0.2764606673145398,0.7755975618300763,1.0
-0.8203962493693149,-0.7782283414161915,0.0
-0.7420907133912849,-0.6124057658129676,0.0
0.2762954160914506,0.05240582247416459,0.0
0.2262017999319812,-0.20318084637948974,0.0
0.25426193430882527,-0.6000029403984917,0.0
0.732817293408526,-0.06019017890057232,0.0
0.3917013145208412,0.8649072739730603,1.0
0.4820719895152077,-0.15283267255579225,1.0
-0.20500311268781335,0.9683371230793887,1.0
-0.11787884807503612,0.10140289668149505,1.0
-0.020113794669062157,0.6576395830221005,1.0
-0.30827119370223044,0.28517645158350624,1.0
-0.8047831291786409,0.5051526303530998,0.0
0.09502264596629595,0.2404915785664936,1.0
0.3569297811052672,0.1734142128138476,1.0
-0.399692107177672,0.677781672248909,1.0
0.3405449329678565,0.3539022487154668,1.0
-0.3350065947744616,0.7917753631647897,1.0
0.35407512259093865,0.9064383291581288,1.0
0.05083308936167219,-0.21742330047036162,0.0
-0.4293414510326412,0.9303926368306794,1.0
0.6992847464329988,-0.6933655266620484,0.0
0.9072448264769992,-0.8759893237972387,0.0
0.8690102002742901,0.580508600179634,0.0
-0.515287450597173,-0.5244303140899178,0.0
-0.046261274986360235,-0.5175092498304701,0.0
-0.9127674740516549,-0.6264370599395026,0.0
-0.503346026239688,-0.9787183187141473,0.0
0.6736066062732673,-0.3757763075994571,0.0
0.06386845714111611,-0.9661053548124814,0.0
-0.35239232742082494,0.5905335926105346,1.0
0.6438154250196642,0.6403006335918404,1.0
-0.34779825285355415,-0.21998468909868962,0.0
0.10604922949977591,-0.8654052212512591,0.0
0.42217742788279655,-0.4082074201568331,0.0
-0.5291788010979812,-0.6240913479168297,0.0
-0.8590446577990263,0.8988493781063418,1.0
0.05789070465545865,0.3731944214561558,1.0
0.5959960393298436,-0.6174352321438303,0.0
-0.9734025930136927,-0.8541065343506089,0.0
0.9144027432520596,0.29758645407560147,0.0
0.6061967720350263,0.6616127053264584,1.0
0.07378203450089371,0.027542407840256855,1.0
0.7742358336834687,-0.9909412764244847,0.0
-0.09963738876647432,-0.9110318662826753,0.0
0.8204451315979022,-0.8688561731266569,0.0
0.520112456784183,-0.5331686916062799,0.0
-0.7284164193303388,0.025666006255652407,0.0
0.2333453922912243,0.9141871953438303,1.0
0.3236581948278243,-0.6648354565985635,0.0
-0.05654378317341324,0.0836916600958979,1.0
-0.11797538870509916,0.22953164393296754,1.0
-0.3710627930836732,-0.8554608596601869,1.0
0.5620026561983582,0.18393243358399958,0.0
0.26281853583424497,-0.30411123731491885,1.0
0.5410296807658912,-0.34526394324232035,0.0
-0.5271415460397937,0.9476043794946416,1.0
-0.25718147843063166,-0.348791986337214,0.0
0.5568985494409295,0.8867573942624036,1.0
0.19083167687123237,-0.328245840584215,0.0
-0.16180131879068993,-0.3658625075231152,0.0
0.34155550002128976,0.5560212247848015,1.0
0.06844740712313979,0.303236212051482,1.0
-0.3112131220493033,-0.4081619651077084,0.0
0.9528407406228467,-0.3575366299432794,0.0
0.46487108855600057,-0.7377519377637252,0.0
0.03707316459248067,0.6852138731796136,1.0
-0.15957044341745164,-0.6443770694520723,0.0
-0.285806804729301,0.9200514577517336,1.0
-0.4926846298027425,-0.500188380303934,0.0
0.33204680673238673,-0.3700485949427952,0.0
-0.060028606686556296,-0.7557236337489608,0.0
-0.3757671145936192,0.7125958348217845,1.0
0.5304442591815255,0.041063315943728584,0.0
-0.1864883917620166,-0.7913942015437279,0.0
0.6018994992266922,-0.2014010454936186,0.0
-0.9222180957548571,0.19972075840630743,0.0
0.7545417338003269,0.7278741392705139,1.0
-0.18501210080197028,-0.5356276271420879,0.0
-0.6746970311779728,0.539419676649731,1.0
0.617075187901261,0.06353086626418336,0.0
0.21075359713246744,0.34691679634909023,1.0
0.10492834819201247,0.6592310458007362,1.0
0.2247812955083257,-0.4710322632952322,0.0
-0.05936632279374976,0.18409732214270802,1.0
-0.4217837572415477,0.6787474423702464,1.0
-0.8963818339524736,0.3802026571417356,0.0
0.23472212795925929,0.5898705506781801,1.0
0.9635871978758559,0.8227582878781377,0.0
-0.8006612653547347,-0.6738600470020684,0.0
-0.5766334734613114,0.1399603062764787,0.0
0.607346764281568,0.7180767223548146,1.0
-0.6043201215629139,-0.47305747902886885,0.0
0.43405740314350827,-0.737219283964879,0.0
0.4483554313091773,0.10527345800096355,1.0
0.629565580669029,-0.6824503610600012,0.0
0.4307519550272467,0.7290145810050166,1.0
-0.37155174052566986,0.1892338135299967,1.0
-0.8569529068178157,-0.9121266264225365,0.0
0.2727961611795877,0.19543392982559138,1.0
-0.6417726416415319,-0.3622660123416419,0.0
0.6273520293819779,-0.901892387578461,0.0
-0.8577042160882691,0.42083425801226504,0.0
-0.7830360217090679,0.03242332254559277,0.0
0.0580807911812935,0.0941345647999765,1.0
-0.5367588325941794,0.9908182778455588,1.0
0.7845259071192527,-0.6008973712718424,0.0
0.9072557895595061,0.15664968974700044,0.0
0.47373834024072914,0.4589390008134866,1.0
0.15646859952650582,-0.04251158753574735,0.0
-0.46343731439435487,0.15473445715096745,0.0
0.6014557077939024,0.6850073516643171,1.0
-0.28555458197915673,-0.9074951988542992,0.0
0.6592984247560145,-0.507332630093537,0.0
0.3135535589810079,-0.5091013355024916,0.0
0.37323896224188213,0.32422410375338195,1.0
-0.3895578574247307,-0.03143198264442071,0.0
0.359339581619629,0.5522270084786278,1.0
0.565648080309741,0.36673621872620044,1.0
0.598497792089739,-0.09126558576710364,0.0
0.004111945871531519,-0.14887355911022038,0.0
0.3424534121592251,0.6205782403279001,1.0
0.2993183939831272,-0.027766079946606848,0.0
0.9613960251286813,-0.8559037838798924,0.0
0.33316581376778465,0.5647349802388335,1.0
0.6375351693268148,-0.3250518252772805,0.0
0.372779576569763,0.2119761828742428,1.0
-0.8230392533206086,0.25620109532372437,0.0
-0.16051480255081585,-0.7826873096083213,0.0
0.35966712782011756,-0.11935812142874802,0.0
-0.8886275518408542,0.4545277733620072,0.0
0.8435974472033902,-0.7611060616855043,0.0
-0.719798476098533,0.8384416628725735,1.0
-0.751493641989267,0.28862750287299077,0.0
0.03826694115614315,0.24965979975089003,1.0
-0.8060810242170591,-0.4040229676402636,0.0
0.9879544475224289,-0.7196618971021003,1.0
0.7112761600929556,0.787868784144518,1.0
-0.4003124526107147,0.35963223766918717,1.0
-0.10294191642798411,0.03806085797267311,1.0
-0.37051953211377087,0.8509980818456859,1.0
0.5563936270972241,-0.6277289265120978,0.0
0.8979115622975726,0.8447861752865582,1.0
-0.6659768339467782,-0.6669378005776632,0.0
-0.7269724301916387,-0.1662094090244315,0.0
-0.44181981034968065,-0.7287603194163985,0.0
-0.4411015195972867,-0.07324925212476341,0.0
-0.7399271998679189,-0.35258903226481,0.0
0.007749261412196784,0.2279223048646415,1.0
-0.08854441528974943,0.16451846437961049,1.0
0.5802784195984574,-0.030439101571855698,0.0
-0.8694869053763623,0.7500263480531582,0.0
-0.6866295790546078,0.1639590209716213,0.0
-0.5083702332036248,0.2083975980429129,0.0
-0.2311707977474653,0.46016749737443075,1.0
-0.6050871809928784,0.6550221994958556,1.0
-0.9973687367447663,-0.3974010687967571,0.0
-0.793346408210482,-0.2427686555860631,0.0
-0.9393994922253248,0.31007220703967997,0.0
0.07366655795042476,-0.8798896038136206,0.0
0.23155483703607938,0.24825472916917057,1.0
-0.1814246726570441,0.9750603258196837,1.0
0.4233776838350296,0.3630072923682395,1.0
0.9425090772354638,0.9422691907887251,1.0
0.4409181193747862,0.2769702214400478,1.0
0.8660350584068004,-0.519588289819779,0.0
-0.4986116601034103,-0.16882126649256035,0.0
-0.34693978072623133,-0.5585126986653892,0.0
0.7577962016968582,0.9942311600275331,1.0
0.07016307843945224,-0.8747511617364905,0.0
0.8313859825210339,-0.5779960369389148,0.0
-0.9662819258766409,0.34956397208959733,0.0
0.5728902391928072,-0.8511843656362743,0.0
0.020981579780410486,0.008593670429223321,1.0
0.632982826153559,0.6365476310037526,1.0
-0.8846637939446775,-0.14052231851820163,0.0
0.7905751853392824,-0.355862191764162,0.0
-0.33265276809450883,0.7807112989937897,1.0
-0.29800970103057756,-0.2556528510663574,0.0
-0.5542665787232397,-0.6863958888683142,0.0
-0.4630436960196336,0.7372212888599099,1.0
0.6212702129018606,0.30706124008778524,0.0
-0.0856011871481328,0.6337600420097558,1.0
0.5563781808300037,0.5375863082303542,1.0
-0.8330157239337623,-0.6624445260036818,0.0
0.9962559526586348,0.9842208480117225,0.0
0.7885126897473427,-0.06065323119713528,0.0
-0.286907418977816,0.1404011623139334,1.0
-0.31495826631539114,-0.8578490492009236,0.0
0.6592141640272007,-0.5685181505722436,0.0
0.8839444898209801,-0.5209788748235162,0.0
0.4046016318240824,-0.9034145391338659,0.0
-0.6560738219579638,-0.6576087071426437,0.0
0.20659108180228336,-0.24662441911438338,0.0
0.14915432463667067,-0.8785895608175085,0.0
0.302063541157475,-0.8007905020333919,0.0
0.4540598580481878,0.82338606397163,1.0
